row_id,actual_log_runtime,predicted_log_runtime,actual_runtime,predicted_runtime,residual_log_runtime
555,0.2710708671428665,0.32622697889375,0.3113679999951273,0.3857298646111928,-0.05515611175088353
3491,0.02565137228981629,0.029524337640586013,0.025983199942856996,0.029964502072727318,-0.0038729653507697213
527,0.017806420527236827,0.01398121955906906,0.017965900013223193,0.014079413901123754,0.0038252009681677673
3925,0.00855163021022373,0.007943973656528885,0.008588299853727199,0.007975610734473263,0.000607656553694845
2989,0.015082879339127723,0.011774547662748592,0.0151972000021487,0.01184414052234056,0.003308331676379131
70,0.005699427462329629,0.006562237464342579,0.0057157000992447,0.00658381612020958,-0.00086281000201295
1756,0.008748321568438062,0.006629626785706859,0.0087866999674588,0.006651651406135457,0.0021186947827312027
211,0.12974199705500952,0.1433799585810088,0.1385346001479774,0.15416825449600166,-0.013637961525999276
196,0.029951831760211118,0.029524337640586013,0.0304048999678343,0.029964502072727318,0.00042749411962510545
803,0.05059244399186591,0.0658387041971073,0.051894100150093395,0.06805443057490214,-0.015246260205241391
3409,0.0007700033995406571,0.0010077606875986478,0.0007702999282628001,0.001008268649020569,-0.00023775728805799077
3836,0.01642732969399574,0.015223839439666612,0.016563000157475395,0.015340312387858972,0.0012034902543291287
1146,0.017094846890115367,0.02220561232870079,0.017241799971088705,0.022453992005352925,-0.005110765438585421
1498,0.0053611036383976185,0.00715639547098178,0.0053755000699311,0.00718206366309499,-0.0017952918325841614
3858,0.036520050397557145,0.02446319492310366,0.0371950999833643,0.024764873863126653,0.012056855474453485
3482,0.014448515654880334,0.01398121955906906,0.0145533999893814,0.014079413901123754,0.00046729609581127457
1185,0.005386466820158654,0.008814295449829751,0.005400999914854699,0.00885325573699905,-0.0034278286296710973
471,0.0587233331584591,0.0658387041971073,0.060481799999251906,0.06805443057490214,-0.007115371038648198
594,0.04193328082301295,0.050758802455037964,0.0428249000106006,0.052069106192478634,-0.008825521632025012
321,0.06559624273383684,0.049137685004926525,0.0677954999264329,0.05036496028924853,0.016458557728910313
1417,0.0024683510726098185,0.0021388663865485654,0.0024713999591766994,0.0021411553929269996,0.00032948468606125306
1674,0.005109922207621108,0.007731046279200158,0.005123000126332,0.007761007979479951,-0.00262112407157905
3590,0.02089771388823845,0.02446319492310366,0.021117600146680997,0.024764873863126653,-0.0035654810348652102
1703,0.0032819086432896924,0.003986682904460594,0.0032873000018298,0.003994640295768875,-0.0007047742611709018
2540,0.01434797390610279,0.01398121955906906,0.0144514001440256,0.014079413901123754,0.00036675434703373026
205,0.05494130232479245,0.050758802455037964,0.056478600017726394,0.052069106192478634,0.004182499869754483
3887,0.004924653834811311,0.007278103876403993,0.004936799872666501,0.007304653645997623,-0.0023534500415926815
3248,0.001669605351101258,0.001002491296224471,0.001670999918133,0.0010029939585814865,0.000667114054876787
2131,0.023600406482401314,0.029524337640586013,0.023881099885329604,0.029964502072727318,-0.005923931158184698
1255,0.015243721814308697,0.01462593320413847,0.0153604999650269,0.014733415535685357,0.0006177886101702262
2299,0.0012838755987682592,0.0010071924891610093,0.0012847001198679,0.0010076998778478469,0.00027668310960724993
1226,0.02006798434157997,0.029524337640586013,0.0202707001008093,0.029964502072727318,-0.009456353299006043
3918,0.026857487126244764,0.029524337640586013,0.0272214000578969,0.029964502072727318,-0.0026668505143412485
2464,0.0016213847446591237,0.001002491296224471,0.0016226998995989,0.0010029939585814865,0.0006188934484346526
2383,0.06492266613151007,0.049137685004926525,0.0670765000395476,0.05036496028924853,0.015784981126583546
149,0.0010443546283708334,0.0010077606875986478,0.0010449001565575001,0.001008268649020569,3.659394077218554e-05
869,0.015292767375116749,0.007943973656528885,0.015410300111398099,0.007975610734473263,0.007348793718587864
1978,0.01250834327882025,0.013929680751260533,0.012586899800226,0.014027150803908551,-0.001421337472440283
2456,0.024877473618855804,0.02446319492310366,0.025189500069245602,0.024764873863126653,0.00041427869575214396
3865,0.0039131337482210754,0.004967999271952109,0.0039208000525832,0.004980360241620653,-0.0010548655237310337
2212,0.04652350198195754,0.0658387041971073,0.0476226999890059,0.06805443057490214,-0.019315202215149763
1006,0.032225147307361895,0.02446319492310366,0.032750000013038495,0.024764873863126653,0.007761952384258235
3047,0.027410768563841614,0.029524337640586013,0.0277898998465389,0.029964502072727318,-0.002113569076744398
705,0.020146097610141855,0.019638515295747238,0.0203503998927772,0.019832619494509342,0.0005075823143946175
3143,0.11864204430155723,0.1433799585810088,0.1259667999111116,0.15416825449600166,-0.024737914279451573
3596,0.018722534532043675,0.019638515295747238,0.0188989001326262,0.019832619494509342,-0.0009159807637035625
1987,0.0007481199663805326,0.0010047391196546052,0.0007483998779206999,0.0010052440390938319,-0.0002566191532740726
179,0.002826401859275597,0.0037009123584886366,0.0028303998988121,0.0037077691908670423,-0.0008745104992130396
109,0.0024971795130763696,0.003653371945219891,0.0025003000628203,0.003660053642936079,-0.0011561924321435214
3078,0.0034071888453943637,0.003986682904460594,0.0034129999112337,0.003994640295768875,-0.0005794940590662305
1055,0.013952706691950237,0.015419725417871837,0.0140505000017583,0.015539222799406501,-0.0014670187259215994
3952,0.002983345329730062,0.0037009123584886366,0.0029877999331802,0.0037077691908670423,-0.0007175670287585746
314,0.006586461588293043,0.00787238952150115,0.006608200026676,0.007903458254767019,-0.0012859279332081072
1822,0.0013483906586831782,0.001015765627700248,0.0013493001461029,0.0010162816923242337,0.0003326250309829302
567,0.02101816289213093,0.02446319492310366,0.021240600151941097,0.024764873863126653,-0.0034450320309727285
879,0.03812838601817097,0.02220561232870079,0.03886460000649089,0.022453992005352925,0.015922773689470184
2230,0.0028275984807776405,0.0028246314241067803,0.0028315999079494996,0.0028286244541754157,2.967056670860266e-06
1411,0.02801858765633284,0.02220561232870079,0.028414800064638198,0.022453992005352925,0.0058129753276320514
3224,0.020965480307831293,0.02220561232870079,0.021186799975111997,0.022453992005352925,-0.001240132020869495
3936,0.014306669741153783,0.016956630882739077,0.014409499941393698,0.017101210587035915,-0.002649961141585293
3249,0.046374486941560406,0.049137685004926525,0.04746660008095199,0.05036496028924853,-0.0027631980633661193
929,0.026594218118224842,0.02220561232870079,0.026951000094413702,0.022453992005352925,0.004388605789524054
2578,0.14214319185770355,0.13713122538054512,0.15274169994518158,0.14697865135528757,0.0050119664771584305
3379,0.26897658553340587,0.32622697889375,0.3086244999431073,0.3857298646111928,-0.057250393360344154
2292,0.05350597959746135,0.0658387041971073,0.054963300004601395,0.06805443057490214,-0.012332724599645947
1502,0.1137205727609239,0.11773680534228433,0.1204389999620616,0.12494799209881854,-0.004016232581360427
3782,0.006995077201081887,0.006495568562244364,0.007019599899649601,0.006516710519272238,0.0004995086388375229
605,0.04939664689546005,0.0658387041971073,0.05063700000755479,0.06805443057490214,-0.016442057301647252
1988,0.0038256726233047212,0.004967999271952109,0.0038329998496919003,0.004980360241620653,-0.001142326648647388
14,0.005253177926727167,0.006629626785706859,0.005267000058665799,0.006651651406135457,-0.0013764488589796927
1261,0.277385190993063,0.32622697889375,0.3196745999157429,0.3857298646111928,-0.048841787900686995
3238,0.015677463774331,0.01398121955906906,0.0158009999431669,0.014079413901123754,0.0016962442152619415
3318,0.02212238556758684,0.02460434121548472,0.022368900012224902,0.02490952583393931,-0.0024819556478978787
8,0.0055470865254383045,0.007943973656528885,0.005562500096857499,0.007975610734473263,-0.0023968871310905806
889,0.007362529977185471,0.0037009123584886366,0.007389700040221199,0.0037077691908670423,0.0036616176186968345
3148,0.005180159740472502,0.006562237464342579,0.005193599965423299,0.00658381612020958,-0.0013820777238700774
3551,0.015373420984793062,0.011774547662748592,0.015492199920117801,0.01184414052234056,0.00359887332204447
1444,0.017595782249524,0.02220561232870079,0.017751500010490397,0.022453992005352925,-0.004609830079176789
393,0.0017477716891222059,0.0028246314241067803,0.0017492999322712,0.0028286244541754157,-0.0010768597349845744
1582,0.007157920835721694,0.007916409478424369,0.007183599984273301,0.00794782709813228,-0.0007584886427026748
2858,0.013701208224705394,0.01398121955906906,0.0137954999227076,0.014079413901123754,-0.0002800113343636654
538,0.004021004975328005,0.003986682904460594,0.0040291000623255,0.003994640295768875,3.432207086741072e-05
1487,0.006307565287569759,0.007731046279200158,0.006327499868348199,0.007761007979479951,-0.0014234809916303989
807,0.007858044538439074,0.0076642935436015795,0.0078890000004321,0.00769373942057288,0.00019375099483749485
3414,0.05440750013102944,0.049137685004926525,0.055914799915626597,0.05036496028924853,0.005269815126102917
798,0.005805614739311379,0.006693667678932009,0.005822499981149999,0.006716120341360143,-0.0008880529396206299
3539,0.018701334790410865,0.02220561232870079,0.0188772999681532,0.022453992005352925,-0.003504277538289923
1815,0.009104825027538094,0.011774547662748592,0.0091464000288397,0.01184414052234056,-0.002669722635210498
2329,0.004703023351176553,0.004967999271952109,0.0047140999231487,0.004980360241620653,-0.00026497592077555625
2647,0.34686999214238834,0.3069124010031802,0.41463280003517855,0.35922189638219787,0.03995759113920816
1424,0.003451137864879476,0.003986682904460594,0.0034570998977869003,0.003994640295768875,-0.000535545039581118
2359,0.010062304836921922,0.006693667678932009,0.0101131000556051,0.006716120341360143,0.0033686371579899127
3321,0.003073770931117976,0.003986682904460594,0.0030784998089075,0.003994640295768875,-0.0009129119733426181
787,0.0025324904041492706,0.003986682904460594,0.0025356998667120005,0.003994640295768875,-0.0014541925003113236
1992,0.02113996788790526,0.02460434121548472,0.0213649999350309,0.02490952583393931,-0.00346437332757946
1116,0.0024573780472326784,0.0038131584247359657,0.0024603998754173,0.0038204377628043,-0.0013557803775032873
1320,0.014116984921102256,0.016956630882739077,0.014217100106179699,0.017101210587035915,-0.0028396459616368205
3656,0.01525199476683686,0.01398121955906906,0.0153689000289887,0.014079413901123754,0.0012707752077677995
1552,0.010447830721402122,0.006613721124535903,0.0105025998782366,0.006635640073386762,0.0038341095968662193
32,0.0011222700712921864,0.0010071924891610093,0.0011229000519961002,0.0010076998778478469,0.00011507758213117713
463,0.007616917503827827,0.01398121955906906,0.007646000012755301,0.014079413901123754,-0.006364302055241233
2515,0.011747625632691229,0.005739504683747442,0.0118168999906629,0.005756007197733807,0.006008120948943787
2295,0.0013717587999896492,0.001015765627700248,0.0013727000914513998,0.0010162816923242337,0.00035599317228940126
166,0.0026927712776326916,0.003986682904460594,0.0026964000426232004,0.003994640295768875,-0.0012939116268279025
2862,0.0010054942979059037,0.0009261193437895664,0.0010059999767689997,0.0009265483247279975,7.937495411633737e-05
414,0.002406302714074141,0.0028246314241067803,0.0024092001840471996,0.0028286244541754157,-0.0004183287100326394
33,0.0031034792582950842,0.0028246314241067803,0.0031083000358194,0.0028286244541754157,0.00027884783418830397
184,0.012496788675189774,0.01398121955906906,0.012575199827551802,0.014079413901123754,-0.0014844308838792859
3022,0.03080453099114722,0.029524337640586013,0.031283900141716,0.029964502072727318,0.0012801933505612074
3240,0.007619795631983825,0.006629626785706859,0.007648900151252699,0.006651651406135457,0.0009901688462769656
3301,0.0729825820138826,0.0658387041971073,0.07571180001832539,0.06805443057490214,0.007143877816775293
1952,0.019877526584013316,0.02446319492310366,0.0200764001347124,0.024764873863126653,-0.004585668339090344
3749,0.006583977862692297,0.006416892132297442,0.006605699891224499,0.006437524492884439,0.00016708573039485568
1621,0.02356925013953634,0.022480064405964003,0.0238491999916732,0.02273464513852089,0.0010891857335723377
1242,0.004056063140650797,0.004380675655135424,0.0040643000975251,0.00439028484118516,-0.00032461251448462694
3549,0.28009045390742837,0.31494709229884277,0.3232495000120251,0.3701868156046627,-0.034856638391414396
721,0.003414364384273101,0.004937127140048871,0.0034201999660581,0.004949334834291807,-0.00152276275577577
1174,0.005389152448429312,0.007731046279200158,0.0054037000518292,0.007761007979479951,-0.0023418938307708456
670,0.0044244973479260034,0.004380675655135424,0.0044342998880892,0.00439028484118516,4.3821692790579556e-05
3331,0.0007945841171605092,0.0010077606875986478,0.0007948998827487,0.001008268649020569,-0.0002131765704381386
1746,0.009344008467323639,0.013173927204382879,0.0093878000043332,0.013261085702729294,-0.00382991873705924
2424,0.030319386766737122,0.02220561232870079,0.0307837000582367,0.022453992005352925,0.008113774438036334
1556,0.01076831317743943,0.006693667678932009,0.0108265001326799,0.006716120341360143,0.00407464549850742
2866,0.007470625082600396,0.007731046279200158,0.0074985998217016,0.007761007979479951,-0.0002604211965997619
3536,0.026115404893799953,0.02460434121548472,0.0264594000764191,0.02490952583393931,0.0015110636783152338
2584,0.020225184991581036,0.022982302876526042,0.020431099925190203,0.023248430833156884,-0.002757117884945006
1744,0.004012339900258893,0.004967999271952109,0.0040204001124948,0.004980360241620653,-0.0009556593716932163
3867,0.006668615119145293,0.007916409478424369,0.0066908998414874,0.00794782709813228,-0.001247794359279076
718,0.00557980389812424,0.007874740568331645,0.005595399998128401,0.00790582788578355,-0.0022949366702074052
1370,0.004746119472019888,0.00715639547098178,0.004757400136440901,0.00718206366309499,-0.0024102759989618923
2979,0.2806921246046998,0.32622697889375,0.324045900022611,0.3857298646111928,-0.04553485428905024
3930,0.005944794524538178,0.006494953376750574,0.005962499883025801,0.00651609132498313,-0.0005501588522123955
2020,0.005870335708454636,0.00715639547098178,0.005887599894776899,0.00718206366309499,-0.0012860597625271438
2610,0.30093447023813763,0.32622697889375,0.35112080001272267,0.3857298646111928,-0.02529250865561239
1626,0.34335471229298087,0.32622697889375,0.40966870007105166,0.3857298646111928,0.01712773339923085
2425,0.0012161602465099602,0.001015765627700248,0.0012169000692664998,0.0010162816923242337,0.00020039461880971225
3053,0.0030524364509126067,0.003986682904460594,0.0030570998787879003,0.003994640295768875,-0.0009342464535479875
3007,0.0249754994225037,0.02405090702852281,0.025290000019594996,0.02434246279430981,0.0009245923939808914
599,0.003457814926673639,0.005403891320348242,0.0034638000652194006,0.005418518677395725,-0.001946076393674603
1747,0.0008212626411386566,0.0010047391196546052,0.0008215999696403001,0.0010052440390938319,-0.00018347647851594856
2351,0.005793684274318188,0.006495568562244364,0.005810500122606698,0.006516710519272238,-0.0007018842879261758
1429,0.15321306906072196,0.13713122538054512,0.165573300095275,0.14697865135528757,0.016081843680176844
1114,0.02142014173368567,0.022982302876526042,0.021651199785992496,0.023248430833156884,-0.0015621611428403709
642,0.013834855424403266,0.013173927204382879,0.013930999906733599,0.013261085702729294,0.0006609282200203872
402,0.005033510610861924,0.0076642935436015795,0.0050462000072002,0.00769373942057288,-0.0026307829327396554
490,0.010934895533006219,0.01462593320413847,0.0109949000179767,0.014733415535685357,-0.0036910376711322516
2499,0.013925094293011284,0.006629626785706859,0.0140225000213831,0.006651651406135457,0.007295467507304425
1003,0.025137586636334693,0.022480064405964003,0.025456199888139897,0.02273464513852089,0.0026575222303706902
2114,0.011352021263775032,0.01398121955906906,0.011416699970141,0.014079413901123754,-0.002629198295294028
3484,0.02093375222924351,0.02220561232870079,0.0211544001940637,0.022453992005352925,-0.0012718600994572789
1878,0.0077985124102091,0.0076642935436015795,0.0078290000092238,0.00769373942057288,0.0001342188666075203
2473,0.0338607008057601,0.022982302876526042,0.0344404999632388,0.023248430833156884,0.010878397929234056
270,0.01017446425163886,0.018676266128582406,0.01022640010342,0.018851758397823434,-0.008501801876943545
2341,0.022296280233286166,0.02446319492310366,0.0225466999690979,0.024764873863126653,-0.0021669146898174937
3058,0.023824235660977893,0.02446319492310366,0.0241103000007569,0.024764873863126653,-0.000638959262125767
3198,0.012682239217311729,0.01462593320413847,0.0127629998605698,0.014733415535685357,-0.0019436939868267417
1044,0.003895004757641634,0.006495568562244364,0.00390260014683,0.006516710519272238,-0.00260056380460273
3497,0.2815978007224914,0.32622697889375,0.32524559996090835,0.3857298646111928,-0.04462917817125861
2793,0.0032313734497438516,0.003986682904460594,0.003236599965021,0.003994640295768875,-0.0007553094547167426
2392,0.008354107037521857,0.0076642935436015795,0.008389099966734597,0.00769373942057288,0.0006898134939202771
3470,0.06179805079170003,0.0658387041971073,0.0637475000694394,0.06805443057490214,-0.0040406534054072685
3837,0.0017312004133102448,0.001015765627700248,0.0017326998058706,0.0010162816923242337,0.0007154347856099968
2358,0.006072127307840125,0.007171937401326649,0.0060906000435352,0.007197717338216892,-0.0010998100934865238
2334,0.013413238864071343,0.01398121955906906,0.0135035999119281,0.014079413901123754,-0.0005679806949977165
17,0.07253198813569617,0.0658387041971073,0.07522720005363219,0.06805443057490214,0.006693283938588868
3654,0.008436314036518766,0.007731046279200158,0.0084720000158995,0.007761007979479951,0.0007052677573186079
1210,0.02179495492844088,0.022480064405964003,0.022034199908375695,0.02273464513852089,-0.0006851094775231215
2117,0.002834379308908963,0.003986682904460594,0.0028383999597281,0.003994640295768875,-0.0011523035955516314
229,0.0010836127861025028,0.0010077606875986478,0.0010842001065611,0.001008268649020569,7.585209850385498e-05
1117,0.10752033154302944,0.13978730273235498,0.1135134999640286,0.1500291647805888,-0.03226697118932555
1292,0.006306074822363982,0.007278103876403993,0.006325999973341801,0.007304653645997623,-0.0009720290540400113
495,0.01930672005027219,0.019638515295747238,0.0194943000096827,0.019832619494509342,-0.0003317952454750493
3544,0.0008671239092733846,0.0010077606875986478,0.0008674999698995999,0.001008268649020569,-0.00014063677832526326
461,0.0021474925578558656,0.0028246314241067803,0.0021498000714927,0.0028286244541754157,-0.0006771388662509146
2903,0.01949091209324025,0.02220561232870079,0.0196821000427007,0.022453992005352925,-0.002714700235460537
1563,0.022764022464593272,0.015223839439666612,0.023025100119411904,0.015340312387858972,0.00754018302492666
2553,0.0008598302707125255,0.0009261193437895664,0.0008602000307291001,0.0009265483247279975,-6.628907307704081e-05
318,0.002860704209018813,0.0038131584247359657,0.0028647999279201,0.0038204377628043,-0.0009524542157171526
2453,0.01224235558378444,0.015223839439666612,0.0123175999615341,0.015340312387858972,-0.0029814838558821707
3265,0.025205359001528826,0.022078998629229275,0.025525699835270605,0.022324543518034572,0.0031263603722995505
2452,0.01102193468811561,0.011774547662748592,0.011082899989560198,0.01184414052234056,-0.0007526129746329817
1491,0.005191003330688154,0.007278103876403993,0.005204499932006,0.007304653645997623,-0.0020871005457158386
3572,0.1283519651018422,0.11773680534228433,0.1369531000964343,0.12494799209881854,0.010615159759557888
1289,0.00489131794321946,0.006629626785706859,0.004903299966827,0.006651651406135457,-0.0017383088424873993
3322,0.005781256429870023,0.006416892132297442,0.0057980001438408995,0.006437524492884439,-0.000635635702427419
3518,0.012149495021260524,0.013173927204382879,0.012223599944263601,0.013261085702729294,-0.0010244321831223546
3393,0.295494723942068,0.32622697889375,0.3437909998465329,0.3857298646111928,-0.030732254951682025
2233,0.10560383607827803,0.11773680534228433,0.1113815000280737,0.12494799209881854,-0.012132969264006296
657,0.020066416117149304,0.015223839439666612,0.0202691000886261,0.015340312387858972,0.004842576677482693
1056,0.02022234314386838,0.02446319492310366,0.020428200019523498,0.024764873863126653,-0.004240851779235281
2119,0.0042676806845450095,0.006562237464342579,0.0042768002022057,0.00658381612020958,-0.00229455677979757
3194,0.006837868375930715,0.006866966423458305,0.0068612999748438,0.006890598099061197,-2.909804752759034e-05
3894,0.005279737536753315,0.0037009123584886366,0.0052936999127268,0.0037077691908670423,0.0015788251782646785
1662,0.012034197799784157,0.018676266128582406,0.0121069001033902,0.018851758397823434,-0.006642068328798248
1330,0.0023948300839857425,0.0037009123584886366,0.0023976999800652,0.0037077691908670423,-0.001306082274502894
1178,0.011256803829497277,0.019638515295747238,0.011320400051772499,0.019832619494509342,-0.00838171146624996
3720,0.017738144841641698,0.009811493926872921,0.017896400066092596,0.009859784438215924,0.007926650914768777
2157,0.01589293567370564,0.022480064405964003,0.016019900096580296,0.02273464513852089,-0.006587128732258363
298,0.004630263945195356,0.004937127140048871,0.0046410001814365005,0.004949334834291807,-0.00030686319485351537
93,0.02066940851118631,0.02446319492310366,0.020884500117972403,0.024764873863126653,-0.0037937864119173513
2404,0.002271418228395724,0.0021388663865485654,0.0022739998530596,0.0021411553929269996,0.00013255184184715867
3548,0.004630761523203265,0.005698436110064391,0.0046415000688284,0.005714703081201419,-0.001067674586861126
1575,0.0006490892342286036,0.0010077606875986478,0.0006492999382316999,0.001008268649020569,-0.0003586714533700443
3745,0.006753543311447622,0.007943973656528885,0.006776399910449902,0.007975610734473263,-0.0011904303450812632
2886,0.006884745756434044,0.006629626785706859,0.0069085001014173,0.006651651406135457,0.00025511897072718476
1793,0.019135247859481074,0.022480064405964003,0.0193195000756531,0.02273464513852089,-0.003344816546482929
23,0.31997308538467994,0.32622697889375,0.37709069997072225,0.3857298646111928,-0.006253893509070074
3350,0.00504664411756094,0.007943973656528885,0.005059399874880901,0.007975610734473263,-0.0028973295389679455
3623,0.005315348657326218,0.006629626785706859,0.0053295001853257,0.006651651406135457,-0.0013142781283806415
1731,0.29012608342858975,0.32622697889375,0.336596000008285,0.3857298646111928,-0.036100895465160265
1084,0.004508720261387622,0.003653371945219891,0.0045188998337835,0.003660053642936079,0.0008553483161677315
3991,0.008588612076759414,0.005403891320348242,0.0086256000213325,0.005418518677395725,0.003184720756411172
2665,0.01818484884576347,0.018676266128582406,0.0183512000367045,0.018851758397823434,-0.0004914172828189359
2378,0.03232061605174257,0.01398121955906906,0.03284860006533559,0.014079413901123754,0.018339396492673514
1272,0.0024810196632988513,0.0038131584247359657,0.0024840999394655,0.0038204377628043,-0.0013321387614371144
305,0.004767915359113048,0.005739504683747442,0.0047792999539524,0.005756007197733807,-0.0009715893246343942
2902,0.008165670134548372,0.008814295449829751,0.0081991001497954,0.00885325573699905,-0.000648625315281379
2761,0.0040160249896660765,0.005403891320348242,0.0040241000242531,0.005418518677395725,-0.0013878663306821654
598,0.006666131828866831,0.007943973656528885,0.006688399938866401,0.007975610734473263,-0.0012778418276620544
3879,0.05579263725778058,0.0658387041971073,0.057378400117158807,0.06805443057490214,-0.01004606693932672
871,0.043940136072866336,0.02405090702852281,0.044919800013303694,0.02434246279430981,0.019889229044343527
2545,0.0009474509102170428,0.000981971982353292,0.0009478998836128998,0.0009824542746932911,-3.452107213624915e-05
2121,0.0008084732024545747,0.001002491296224471,0.0008088001050055,0.0010029939585814865,-0.00019401809376989637
1360,0.012062751560470814,0.006693667678932009,0.0121357999742031,0.006716120341360143,0.005369083881538805
1936,0.0011441450858200959,0.001015765627700248,0.0011447998695075,0.0010162816923242337,0.0001283794581198479
2758,0.020613376898171838,0.022078998629229275,0.020827299915254095,0.022324543518034572,-0.001465621731057437
3644,0.2691306284831999,0.3069124010031802,0.3088260998483747,0.35922189638219787,-0.03778177251998027
1539,0.0008736181874599893,0.001002491296224471,0.0008739999029784999,0.0010029939585814865,-0.00012887310876448174
2210,0.017458705983095926,0.011774547662748592,0.0176119999960064,0.01184414052234056,0.005684158320347334
1052,0.006732684512917031,0.007731046279200158,0.006755399983376201,0.007761007979479951,-0.000998361766283127
1566,0.008212980881781103,0.006513300899668487,0.008246799930930101,0.006534558571449559,0.001699679982112616
3246,0.0029776623661048472,0.003986682904460594,0.0029821000061929,0.003994640295768875,-0.001009020538355747
1926,0.0029985996363051464,0.003986682904460594,0.0030030999332666,0.003994640295768875,-0.0009880832681554478
2023,0.007412459557780606,0.007874740568331645,0.0074399998411536,0.00790582788578355,-0.00046228101055103936
408,0.12791148036491345,0.1433799585810088,0.1364523998927325,0.15416825449600166,-0.015468478216095344
99,0.005205925438053445,0.006495568562244364,0.0052194998133927,0.006516710519272238,-0.0012896431241909189
1211,0.0055599150657493915,0.007171937401326649,0.0055754000786691,0.007197717338216892,-0.0016120223355772572
1432,0.0011178749633859648,0.0010071924891610093,0.0011185000184923,0.0010076998778478469,0.0001106824742249555
315,0.02435040784680943,0.029524337640586013,0.0246493001468479,0.029964502072727318,-0.005173929793776583
1173,0.2889694184670163,0.32622697889375,0.3350509000010788,0.3857298646111928,-0.03725756042673373
1235,0.003252106056522683,0.0037009123584886366,0.0032573998905718006,0.0037077691908670423,-0.0004488063019659535
3159,0.005337132141229821,0.005739504683747442,0.0053514000028371,0.005756007197733807,-0.0004023725425176209
2732,0.01132957718985753,0.013173927204382879,0.011393999913707297,0.013261085702729294,-0.0018443500145253495
3972,0.00833040575398888,0.004967999271952109,0.0083652001339942,0.004980360241620653,0.0033624064820367717
3640,0.013397155903163397,0.01398121955906906,0.013487299904227201,0.014079413901123754,-0.0005840636559056624
751,0.024580508596582566,0.029524337640586013,0.0248850998468697,0.029964502072727318,-0.004943829044003447
3115,0.14309325696506944,0.13713122538054512,0.1538374000228941,0.14697865135528757,0.005962031584524324
156,0.0033757956054645583,0.004380675655135424,0.0033815000206231997,0.00439028484118516,-0.0010048800496708656
2561,0.014047273593435588,0.01462593320413847,0.014146400149911599,0.014733415535685357,-0.0005786596107028828
120,0.0025903422403727554,0.003986682904460594,0.002593700075522,0.003994640295768875,-0.0013963406640878388
1454,0.10942061232292047,0.13978730273235498,0.11563150002621111,0.1500291647805888,-0.030366690409434516
511,0.0049821684418316255,0.007916409478424369,0.0049946000799535985,0.00794782709813228,-0.0029342410365927434
1517,0.0053083856887961856,0.00715639547098178,0.005322500132024201,0.00718206366309499,-0.0018480097821855944
3504,0.03166502933452286,0.02405090702852281,0.0321717001497745,0.02434246279430981,0.007614122306000049
2016,0.062396227981174876,0.0658387041971073,0.06438399991020559,0.06805443057490214,-0.0034424762159324246
3440,0.006507380881510149,0.006416892132297442,0.0065285998862236,0.006437524492884439,9.048874921270718e-05
2846,0.003328055878488085,0.003986682904460594,0.0033336000051349,0.003994640295768875,-0.000658627025972509
1602,0.0071714236160576586,0.006495568562244364,0.007197199854999701,0.006516710519272238,0.0006758550538132945
3778,0.003405694051000081,0.003986682904460594,0.0034115000162272995,0.003994640295768875,-0.0005809888534605134
3803,0.14819773908162864,0.13810256485468128,0.15974220004864026,0.1480932982579694,0.010095174226947362
676,0.001565573672939303,0.0021388663865485654,0.0015667998231947,0.0021411553929269996,-0.0005732927136092624
240,0.010263054197659967,0.006416892132297442,0.010315899970009899,0.006437524492884439,0.0038461620653625255
1023,0.15599392278003738,0.13810256485468128,0.1688190998975187,0.1480932982579694,0.017891357925356094
2216,0.006663747753381547,0.005698436110064391,0.006685999920591699,0.005714703081201419,0.0009653116433171556
1511,0.0025335877458078668,0.0010047391196546052,0.0025367999915032998,0.0010052440390938319,0.0015288486261532616
2813,0.027825942324891835,0.022480064405964003,0.028216699836775605,0.02273464513852089,0.005345877918927832
3225,0.14194616409041202,0.13713122538054512,0.15251460019499055,0.14697865135528757,0.004814938709866906
3799,0.04508607433811206,0.0658387041971073,0.0461178999394178,0.06805443057490214,-0.020752629858995238
3763,0.32020855414857524,0.32622697889375,0.3774149999953806,0.3857298646111928,-0.0060184247451747774
2882,0.026692562509952993,0.029524337640586013,0.027051999932155,0.029964502072727318,-0.00283177513063302
486,0.26955779055911744,0.3069124010031802,0.3093853001482784,0.35922189638219787,-0.03735461044406274
3361,0.013552153149769819,0.011774547662748592,0.0136443998198956,0.01184414052234056,0.001777605487021227
1873,0.05818937665582307,0.0658387041971073,0.05991569999605411,0.06805443057490214,-0.00764932754128423
2461,0.003956861326347739,0.003986682904460594,0.0039647000376135,0.003994640295768875,-2.9821578112855518e-05
2437,0.012729534470773927,0.007171937401326649,0.0128108998760581,0.007197717338216892,0.005557597069447279
354,0.09714186485005749,0.10405681847211952,0.10201669996604322,0.10966350250921099,-0.006914953622062028
1017,0.0036946664354391852,0.004967999271952109,0.0037015001289545995,0.004980360241620653,-0.0012733328365129239
3663,0.00490574708220658,0.007731046279200158,0.004917799960821801,0.007761007979479951,-0.0028252991969935776
1741,0.01034906304872364,0.013929680751260533,0.010402799816802102,0.014027150803908551,-0.0035806177025368927
2330,0.0006877635529146795,0.0010077606875986478,0.0006880001164972,0.001008268649020569,-0.00031999713468396833
2403,0.023054393331379687,0.022480064405964003,0.023322199936956098,0.02273464513852089,0.000574328925415684
1220,0.0007986809997847855,0.0010071924891610093,0.0007990000303834,0.0010076998778478469,-0.00020851148937622377
51,0.0230513638410429,0.022078998629229275,0.023319099796935895,0.022324543518034572,0.000972365211813625
2722,0.0048709179545334816,0.006613721124535903,0.004882800159975799,0.006635640073386762,-0.0017428031700024212
1720,0.04875825881083851,0.049137685004926525,0.049966499907895895,0.05036496028924853,-0.0003794261940880117
73,0.05715791400417185,0.0658387041971073,0.05882300017401569,0.06805443057490214,-0.008680790192935453
1688,0.014886937616510807,0.011774547662748592,0.014998300001025198,0.01184414052234056,0.003112389953762215
2585,0.0593075194718729,0.0658387041971073,0.06110149994492529,0.06805443057490214,-0.006531184725234403
438,0.0007148444114456134,0.0010077606875986478,0.000715099973604,0.001008268649020569,-0.0002929162761530344
1474,0.043582628537719714,0.049137685004926525,0.0445463000796735,0.05036496028924853,-0.005555056467206811
2760,0.006918213885291563,0.006494953376750574,0.006942200008779699,0.00651609132498313,0.0004232605085409888
802,0.016832436477367634,0.022480064405964003,0.0169749001506716,0.02273464513852089,-0.005647627928596369
465,0.008217245618508553,0.01398121955906906,0.0082510998472571,0.014079413901123754,-0.005763973940560507
3084,0.018465164662967104,0.02220561232870079,0.018636699998751196,0.022453992005352925,-0.0037404476657336844
1064,0.0522519747689618,0.050758802455037964,0.05364120006561271,0.052069106192478634,0.0014931723139238323
3910,0.005232685724062275,0.006416892132297442,0.005246400134637899,0.006437524492884439,-0.0011842064082351663
157,0.006452736179031012,0.009811493926872921,0.006473599933087799,0.009859784438215924,-0.0033587577478419095
2003,0.02306494721679901,0.02405090702852281,0.023333000019192602,0.02434246279430981,-0.0009859598117237973
1653,0.0006651786640212208,0.001002491296224471,0.0006653999444096999,0.0010029939585814865,-0.00033731263220325024
52,0.006160683863691013,0.005739504683747442,0.006179699907079301,0.005756007197733807,0.00042117917994357115
1344,0.006991899477975884,0.0076642935436015795,0.007016399875283199,0.00769373942057288,-0.0006723940656256956
220,0.0029461558161939065,0.0037009123584886366,0.0029504999984055003,0.0037077691908670423,-0.00075475654229473
564,0.0011507375672485864,0.0010077606875986478,0.0011513999197632,0.001008268649020569,0.00014297687964993856
26,0.00562017701828918,0.00715639547098178,0.0056359998416155,0.00718206366309499,-0.0015362184526926002
1583,0.3213335802319767,0.3069124010031802,0.3789654998108743,0.35922189638219787,0.014421179228796543
2014,0.0019133682578767676,0.0028246314241067803,0.0019151999149471,0.0028286244541754157,-0.0009112631662300127
214,0.0022349005554405383,0.001015765627700248,0.0022373998071997998,0.0010162816923242337,0.0012191349277402904
2057,0.02439686158585336,0.029524337640586013,0.024696900043636498,0.029964502072727318,-0.005127476054732651
937,0.004244280425298437,0.004967999271952109,0.0042533001396805,0.004980360241620653,-0.0007237188466536724
551,0.0010329661436480969,0.001015765627700248,0.0010334998369216,0.0010162816923242337,1.7200515947848882e-05
3026,0.020802421441160495,0.02220561232870079,0.021020299987867398,0.022453992005352925,-0.0014031908875402933
2586,0.0010272720852414576,0.001002491296224471,0.0010277999099344,0.0010029939585814865,2.4780789016986583e-05
325,0.01811993774298294,0.02220561232870079,0.018285099882632397,0.022453992005352925,-0.004085674585717847
3270,0.019381852633222247,0.02446319492310366,0.019570900127291603,0.024764873863126653,-0.005081342289881413
3975,0.008647898909282466,0.006866966423458305,0.0086854000110179,0.006890598099061197,0.0017809324858241611
1670,0.005442562462338979,0.006629626785706859,0.0054574001114815,0.006651651406135457,-0.00118706432336788
829,0.004390049473548524,0.007731046279200158,0.0043996998574584,0.007761007979479951,-0.0033409968056516337
3116,0.008550837246852835,0.00715639547098178,0.0085875000804662,0.00718206366309499,0.0013944417758710555
752,0.15007621894985904,0.13810256485468128,0.1619227998889982,0.1480932982579694,0.011973654095177755
3702,0.018685238618638557,0.022480064405964003,0.018860900076106104,0.02273464513852089,-0.003794825787325446
3237,0.00719356407328424,0.006629626785706859,0.007219499908387601,0.006651651406135457,0.0005639372875773808
2476,0.011254727203151967,0.007278103876403993,0.0113182999193668,0.007304653645997623,0.003976623326747974
44,0.0014097060453284287,0.001015765627700248,0.0014107001479715,0.0010162816923242337,0.0003939404176281807
3987,0.004726910640208453,0.004380675655135424,0.004738100105896499,0.00439028484118516,0.0003462349850730292
1553,0.04338932017114732,0.022480064405964003,0.04434440005570651,0.02273464513852089,0.020909255765183318
501,0.0010516469212067928,0.001002491296224471,0.001052200095728,0.0010029939585814865,4.91556249823217e-05
2398,0.08207719065965362,0.0658387041971073,0.08553960011340668,0.06805443057490214,0.016238486462546317
976,0.086140356207367,0.10405681847211952,0.0899593001231551,0.10966350250921099,-0.01791646226475252
2527,0.014544612363905971,0.018676266128582406,0.014650899916887202,0.018851758397823434,-0.004131653764676434
1192,0.0034001130323771177,0.005403891320348242,0.0034058999735862,0.005418518677395725,-0.0020037782879711243
810,0.00589300217259447,0.006629626785706859,0.005910400068387301,0.006651651406135457,-0.0007366246131123898
999,0.007794642553657669,0.009811493926872921,0.0078250998631119,0.009859784438215924,-0.002016851373215252
568,0.013298383189419416,0.01462593320413847,0.0133871999569237,0.014733415535685357,-0.0013275500147190544
2792,0.013754965220945133,0.01398121955906906,0.013849999988451598,0.014079413901123754,-0.0002262543381239268
3808,0.02835205488313802,0.029524337640586013,0.028757799882441704,0.029964502072727318,-0.0011722827574479934
2031,0.0018422022898394257,0.0021388663865485654,0.0018439001869409999,0.0021411553929269996,-0.0002966640967091397
366,0.017343134665280716,0.013929680751260533,0.017494400031864598,0.014027150803908551,0.0034134539140201828
457,0.006849091509690707,0.007943973656528885,0.006872600177302899,0.007975610734473263,-0.001094882146838178
256,0.009244834580899098,0.011774547662748592,0.0092877000570297,0.01184414052234056,-0.0025297130818494936
2186,0.007950510774619885,0.01398121955906906,0.007982200011610898,0.014079413901123754,-0.006030708784449175
2270,0.0017560571078405834,0.0010077606875986478,0.0017575998790561999,0.001008268649020569,0.0007482964202419355
1476,0.005654085706849177,0.003986682904460594,0.005670100217685101,0.003994640295768875,0.0016674028023885828
576,0.007593099381456574,0.006562237464342579,0.007622000062838099,0.00658381612020958,0.0010308619171139942
2339,0.10973177785298968,0.13978730273235498,0.1159787001088261,0.1500291647805888,-0.030055524879365303
2140,0.0009360617870737512,0.000981971982353292,0.0009365000296384,0.0009824542746932911,-4.591019527954072e-05
2282,0.37145051555118047,0.3069124010031802,0.4498360999859869,0.35922189638219787,0.06453811454800029
3736,0.006716493748351657,0.00787238952150115,0.006739099975675299,0.007903458254767019,-0.0011558957731494929
1764,0.0016759947027817637,0.001015765627700248,0.0016773999668657001,0.0010162816923242337,0.0006602290750815157
2304,0.022949142570484877,0.022480064405964003,0.0232145001646131,0.02273464513852089,0.00046907816452087386
2893,0.002561316995664866,0.0021388663865485654,0.0025645999703555996,0.0021411553929269996,0.0004224506091163008
291,0.005228308644837853,0.005739504683747442,0.0052420001011341,0.005756007197733807,-0.0005111960389095884
729,0.002188802976003907,0.0038131584247359657,0.0021912001539020998,0.0038204377628043,-0.0016243554487320585
1613,0.04949277427665203,0.02405090702852281,0.05073799984529611,0.02434246279430981,0.025441867248129222
134,0.007176785286515485,0.007731046279200158,0.0072026001289486,0.007761007979479951,-0.0005542609926846732
1510,0.0064757866360360605,0.003653371945219891,0.0064967998769134006,0.003660053642936079,0.0028224146908161695
3221,0.06718909885947619,0.0658387041971073,0.0694976998493075,0.06805443057490214,0.0013503946623688867
680,0.002689779317821877,0.003986682904460594,0.0026934000197798,0.003994640295768875,-0.001296903586638717
3473,0.02565566088252325,0.029524337640586013,0.025987599976360708,0.029964502072727318,-0.0038686767580627633
263,0.003098394893810559,0.0028246314241067803,0.0031031998805701004,0.0028286244541754157,0.0002737634697037787
2428,0.0009764232480616031,0.0010071924891610093,0.0009769001044332,0.0010076998778478469,-3.076924109940622e-05
3349,0.0021704428975893304,0.0028246314241067803,0.0021728000137953996,0.0028286244541754157,-0.0006541885265174499
2241,0.014568758377429917,0.006613721124535903,0.014675399987026999,0.006635640073386762,0.007955037252894013
764,0.0049481375700750835,0.007171937401326649,0.004960399819537901,0.007197717338216892,-0.0022237998312515652
56,0.017962602213111353,0.013173927204382879,0.0181249000597745,0.013261085702729294,0.004788675008728474
2784,0.13367379515242972,0.13810256485468128,0.1430199001915753,0.1480932982579694,-0.0044287697022515615
682,0.000731432305334875,0.001015765627700248,0.0007316998671739999,0.0010162816923242337,-0.000284333322365373
1293,0.0008223616295660139,0.001002491296224471,0.0008226998616009,0.0010029939585814865,-0.00018012966665845718
2185,0.0025826619561099234,0.003653371945219891,0.0025859999004750997,0.003660053642936079,-0.0010707099891099675
1309,0.000881711259430954,0.0010071924891610093,0.0008821000810711999,0.0010076998778478469,-0.00012548122973005528
3400,0.004622400233052639,0.003986682904460594,0.004633100004866699,0.003994640295768875,0.0006357173285920451
544,0.019427654944806312,0.02460434121548472,0.019617599900811904,0.02490952583393931,-0.0051766862706784066
1860,0.006155615250853915,0.006494953376750574,0.0061745999846606996,0.00651609132498313,-0.0003393381258966592
2708,0.02053147924373726,0.011774547662748592,0.0207436999771744,0.01184414052234056,0.00875693158098867
3931,0.0026454977303724176,0.003653371945219891,0.0026490001473575,0.003660053642936079,-0.0010078742148474733
1728,0.0060620884393855,0.005698436110064391,0.006080500083044099,0.005714703081201419,0.00036365232932110934
2345,0.00996161778282471,0.007916409478424369,0.0100113998632878,0.00794782709813228,0.0020452083044003415
838,0.15158490520606793,0.13978730273235498,0.16367709985934187,0.1500291647805888,0.011797602473712948
170,0.00048108419924110604,0.001015765627700248,0.0004811999388038999,0.0010162816923242337,-0.0005346814284591419
2024,0.006282324947520964,0.006629626785706859,0.0063021001406013,0.006651651406135457,-0.0003473018381858952
3846,0.0032837027575891376,0.003986682904460594,0.0032891000155359,0.003994640295768875,-0.0007029801468714566
3584,0.059662276684254244,0.0658387041971073,0.061478000134229605,0.06805443057490214,-0.006176427512853057
1550,0.00831909994526063,0.004967999271952109,0.0083537998143583,0.004980360241620653,0.003351100673308521
1588,0.0035521834907436553,0.005403891320348242,0.0035584999714046005,0.005418518677395725,-0.0018517078296045866
2763,0.012746911832229705,0.015419725417871837,0.012828500010073102,0.015539222799406501,-0.0026728135856421316
188,0.13963436908184962,0.1433799585810088,0.1498533000703901,0.15416825449600166,-0.00374558949915918
12,0.011151391638722606,0.011774547662748592,0.0112138001713901,0.01184414052234056,-0.0006231560240259858
3838,0.005687097764321094,0.0027578312188673445,0.005703300004824901,0.002761637533636825,0.0029292665454537493
322,0.02483601703417062,0.011774547662748592,0.0251470000948756,0.01184414052234056,0.013061469371422028
985,0.0646759805622998,0.0658387041971073,0.0668133001308888,0.06805443057490214,-0.0011627236348075026
3629,0.00638020322352114,0.003653371945219891,0.0064006000757217,0.003660053642936079,0.002726831278301249
432,0.010888207633375351,0.006495568562244364,0.010947699891403302,0.006516710519272238,0.004392639071130987
1091,0.0066713965264540735,0.00787238952150115,0.006693699862807901,0.007903458254767019,-0.0012009929950470765
2894,0.08230856958863121,0.0658387041971073,0.0857908001635223,0.06805443057490214,0.01646986539152391
2836,0.017676643557216085,0.02220561232870079,0.0178338000550866,0.022453992005352925,-0.004528968771484704
2891,0.00103386533719542,0.001015765627700248,0.0010343999601899999,0.0010162816923242337,1.8099709495171968e-05
2238,0.05544700567335953,0.02446319492310366,0.05701299989596,0.024764873863126653,0.03098381075025587
3123,0.007281028857273093,0.006629626785706859,0.007307599997147901,0.006651651406135457,0.0006514020715662336
3684,0.01075762848252401,0.007943973656528885,0.010815699817612701,0.007975610734473263,0.0028136548259951252
1805,0.02697206158772795,0.029524337640586013,0.027339100139215495,0.029964502072727318,-0.002552276052858061
1315,0.0006857649107530616,0.001002491296224471,0.0006860001012682001,0.0010029939585814865,-0.0003167263854714095
2957,0.0030064758957392035,0.0038131584247359657,0.0030109998770058,0.0038204377628043,-0.0008066825289967622
1096,0.015544554800819049,0.013173927204382879,0.0156659998465329,0.013261085702729294,0.0023706275964361697
1945,0.005263324510589386,0.006495568562244364,0.0052772001363337,0.006516710519272238,-0.0012322440516549784
1032,0.0029877322463532853,0.003986682904460594,0.0029921999666839,0.003994640295768875,-0.0009989506581073089
1018,0.007070445514172806,0.006629626785706859,0.0070955001283437,0.006651651406135457,0.00044081872846594636
238,0.001488092172231233,0.0010071924891610093,0.0014891999308019,0.0010076998778478469,0.0004808996830702238
174,0.05663927906726606,0.0658387041971073,0.058273999951779794,0.06805443057490214,-0.009199425129841239
2240,0.011919578649548398,0.006562237464342579,0.011990899918600901,0.00658381612020958,0.005357341185205818
2567,0.0010337655560579413,0.0010071924891610093,0.0010343000758438999,0.0010076998778478469,2.657306689693201e-05
818,0.003057919830887734,0.0028246314241067803,0.0030626000370830003,0.0028286244541754157,0.00023328840678095387
990,0.0007475206429962517,0.0010077606875986478,0.0007478001061826,0.001008268649020569,-0.0002602400446023961
1916,0.007344761104905517,0.00787238952150115,0.0073718000203371,0.007903458254767019,-0.0005276284165956326
1113,0.004301037139946634,0.006562237464342579,0.0043102998752146,0.00658381612020958,-0.0022612003243959455
1378,0.09404428796868132,0.11773680534228433,0.0986083999741822,0.12494799209881854,-0.023692517373603006
1426,0.00650479772276421,0.004967999271952109,0.0065259998664259,0.004980360241620653,0.001536798450812101
410,0.006730797361534551,0.006613721124535903,0.006753500085324,0.006635640073386762,0.00011707623699864795
1138,0.09902844029741167,0.13810256485468128,0.10409769997932009,0.1480932982579694,-0.03907412455726961
817,0.005560014396283164,0.005698436110064391,0.0055754999630153,0.005714703081201419,-0.00013842171378122738
2962,0.11744137749073551,0.10405681847211952,0.12461570021696382,0.10966350250921099,0.013384559018615988
1732,0.0028188234553524856,0.003986682904460594,0.0028228000737726003,0.003994640295768875,-0.0011678594491081086
2348,0.13673859406448544,0.10405681847211952,0.1465284000150859,0.10966350250921099,0.032681775592365916
1450,0.0008158670184955512,0.0010047391196546052,0.0008161999285221001,0.0010052440390938319,-0.00018887210115905398
227,0.012695766694195545,0.013173927204382879,0.012776700081303698,0.013261085702729294,-0.0004781605101873334
2700,0.01990673964962771,0.02446319492310366,0.0201062001287937,0.024764873863126653,-0.004556455273475951
1580,0.024040497740394726,0.02446319492310366,0.024331800173968,0.024764873863126653,-0.00042269718270893444
1161,0.003415360982822972,0.004937127140048871,0.0034211999736725998,0.004949334834291807,-0.0015217661572258993
351,0.13948660017393558,0.13713122538054512,0.14968340005725617,0.14697865135528757,0.002355374793390458
1393,0.000966133285320176,0.0010136297582074504,0.0009666001424193,0.0010141436544696594,-4.749647288727443e-05
1263,0.010529470205917393,0.018676266128582406,0.0105851001571863,0.018851758397823434,-0.008146795922665012
1237,0.28301668139711045,0.32622697889375,0.32712729997001594,0.3857298646111928,-0.04321029749663957
1200,0.005606653275414594,0.006693667678932009,0.005622399970889,0.006716120341360143,-0.0010870144035174147
2178,0.007967772966660795,0.015419725417871837,0.0079996001441031,0.015539222799406501,-0.007451952451211042
2466,0.0047642330394527975,0.003653371945219891,0.004775600042194099,0.003660053642936079,0.0011108610942329065
2010,0.023341065361987358,0.02446319492310366,0.023615599842742,0.024764873863126653,-0.0011221295611163022
1377,0.006530728244115427,0.005698436110064391,0.006552099948748899,0.005714703081201419,0.000832292134051036
69,0.0007546150174553253,0.0010077606875986478,0.0007548998109996,0.001008268649020569,-0.00025314567014332254
3597,0.005658560012043049,0.006629626785706859,0.005674599902704299,0.006651651406135457,-0.0009710667736638106
45,0.005243130833538873,0.004937127140048871,0.0052569000981748,0.004949334834291807,0.00030600369349000154
1068,0.006320781789949804,0.007943973656528885,0.0063408000860363,0.007975610734473263,-0.0016231918665790815
3493,0.012861633414695654,0.013173927204382879,0.0129446999635547,0.013261085702729294,-0.0003122937896872253
183,0.0009212754123992967,0.0010047391196546052,0.0009216999169438999,0.0010052440390938319,-8.346370725530845e-05
2250,0.01243180393077994,0.006866966423458305,0.0125094000250101,0.006890598099061197,0.005564837507321634
1413,0.007683704533222822,0.007874740568331645,0.007713299943134099,0.00790582788578355,-0.0001910360351088233
1586,0.0006865641354262556,0.0009261193437895664,0.0006867998745292001,0.0009265483247279975,-0.00023955520836331078
1270,0.001770032553373469,0.0010136297582074504,0.0017715999856590997,0.0010141436544696594,0.0007564027951660185
1414,0.059599908832251296,0.0658387041971073,0.06141180009581141,0.06805443057490214,-0.006238795364856005
139,0.0613782201857114,0.0658387041971073,0.0633010000456124,0.06805443057490214,-0.004460484011395899
3353,0.000667277397725822,0.0010071924891610093,0.0006675000768154001,0.0010076998778478469,-0.0003399150914351873
3211,0.024020484454840597,0.02446319492310366,0.0243113001342862,0.024764873863126653,-0.0004427104682630627
309,0.02023753273181781,0.022078998629229275,0.0204437000211328,0.022324543518034572,-0.001841465897411465
266,0.003184723454803026,0.003653371945219891,0.0031898000743239997,0.003660053642936079,-0.000468648490416865
3150,0.027847922053211044,0.02446319492310366,0.028239300008863197,0.024764873863126653,0.0033847271301073838
2168,0.0034805359075010395,0.004380675655135424,0.0034866000059992,0.00439028484118516,-0.0009001397476343844
3207,0.0224164632389256,0.02405090702852281,0.0226696000900119,0.02434246279430981,-0.0016344437895972098
63,0.01327835112123628,0.01398121955906906,0.0133668999187648,0.014079413901123754,-0.0007028684378327793
2571,0.022563616361715222,0.022078998629229275,0.0228201001882553,0.022324543518034572,0.0004846177324859466
1991,0.006296237048456399,0.006629626785706859,0.0063161000143736,0.006651651406135457,-0.00033338973725046024
1578,0.004417428729558733,0.0021388663865485654,0.0044271999504417,0.0021411553929269996,0.0022785623430101676
2682,0.12813302276857952,0.10405681847211952,0.13670420018024737,0.10966350250921099,0.02407620429646
144,0.020346303171633894,0.02446319492310366,0.020554700167849597,0.024764873863126653,-0.004116891751469766
3456,0.007964598333014711,0.009811493926872921,0.007996400119736699,0.009859784438215924,-0.0018468955938582103
3401,0.0032440326098392837,0.0038131584247359657,0.0032493001781404,0.0038204377628043,-0.000569125814896682
3992,0.023301890002861998,0.022982302876526042,0.0235755001194775,0.023248430833156884,0.00031958712633595524
1405,0.06489923739852739,0.0658387041971073,0.0670515000820159,0.06805443057490214,-0.0009394667985799104
3666,0.006534304830935405,0.006513300899668487,0.0065556999761611,0.006534558571449559,2.100393126691809e-05
2579,0.010102200521597259,0.015419725417871837,0.0101534000132232,0.015539222799406501,-0.005317524896274578
776,0.006307167799549854,0.006629626785706859,0.0063270998653024,0.006651651406135457,-0.0003224589861570053
2171,0.005747153429437386,0.006629626785706859,0.0057636999990791,0.006651651406135457,-0.0008824733562694731
3024,0.0006698754471175674,0.001002491296224471,0.0006700998637825,0.0010029939585814865,-0.0003326158491069037
1964,0.025180590948288745,0.029524337640586013,0.0255002998746931,0.029964502072727318,-0.004343746692297267
969,0.012103753090088988,0.015223839439666612,0.012177299940958598,0.015340312387858972,-0.003120086349577623
2281,0.024519817244301006,0.007943973656528885,0.0248229000717401,0.007975610734473263,0.016575843587772122
251,0.2758141007417021,0.31494709229884277,0.31760289985686546,0.3701868156046627,-0.03913299155714067
3614,0.0028117432457550823,0.003986682904460594,0.0028156999032944,0.003994640295768875,-0.0011749396587055119
864,0.053879761577503626,0.01398121955906906,0.055357699980959206,0.014079413901123754,0.03989854201843457
809,0.0008291563010970616,0.0010077606875986478,0.0008295001462101,0.001008268649020569,-0.00017860438650158623
1598,0.11412997130155679,0.13810256485468128,0.1208977999631315,0.1480932982579694,-0.02397259355312449
2592,0.005059081326609723,0.007916409478424369,0.0050719000864773,0.00794782709813228,-0.002857328151814646
3492,0.0009287686513053583,0.000981971982353292,0.0009292000904679,0.0009824542746932911,-5.320333104793357e-05
1298,0.02583927201188631,0.02405090702852281,0.0261760000139474,0.02434246279430981,0.0017883649833635024
3870,0.007360743165870871,0.006613721124535903,0.007387900026515099,0.006635640073386762,0.0007470220413349684
279,0.006493273010693618,0.005698436110064391,0.006514400010928501,0.005714703081201419,0.0007948369006292267
1461,0.002156273476178671,0.0027578312188673445,0.0021585999056696,0.002761637533636825,-0.0006015577426886735
1422,0.05099886596566786,0.02446319492310366,0.0523216999135911,0.024764873863126653,0.026535671042564202
3283,0.0035978201634837125,0.005403891320348242,0.0036043000873177996,0.005418518677395725,-0.0018060711568645294
1572,0.02412406064846083,0.029524337640586013,0.0244173998944461,0.029964502072727318,-0.005400276992125183
358,0.005891908511178197,0.005698436110064391,0.0059092999435960995,0.005714703081201419,0.00019347240111380632
3927,0.11442165933319123,0.10405681847211952,0.1212248001247644,0.10966350250921099,0.010364840861071714
299,0.011913550978333375,0.01438810205418836,0.011984799988567798,0.01449210901681657,-0.0024745510758549857
1075,0.01908138687940107,0.02446319492310366,0.0192646000068634,0.024764873863126653,-0.0053818080437025885
1029,0.019697817901459438,0.016956630882739077,0.0198931000195443,0.017101210587035915,0.002741187018720361
534,0.01815646913380093,0.02220561232870079,0.018322299933061,0.022453992005352925,-0.004049143194899858
3317,0.02301989732571853,0.029524337640586013,0.0232869000174105,0.029964502072727318,-0.006504440314867483
3252,0.007122474678592988,0.0038131584247359657,0.007147899828851198,0.0038204377628043,0.0033093162538570227
1770,0.006561824135992075,0.006613721124535903,0.006583400070667201,0.006635640073386762,-5.1896988543827585e-05
2918,0.29810014051843375,0.32622697889375,0.3472967001143843,0.3857298646111928,-0.028126838375316265
415,0.08629071745997062,0.13713122538054512,0.09012320009060198,0.14697865135528757,-0.0508405079205745
839,0.10980946435148715,0.11773680534228433,0.11606539995409541,0.12494799209881854,-0.007927340990797171
2627,0.004241392565547719,0.0037009123584886366,0.0042504000011831,0.0037077691908670423,0.0005404802070590824
3804,0.003064599518730411,0.0021388663865485654,0.0030693002045154,0.0021411553929269996,0.0009257331321818455
1042,0.008504037905154,0.01398121955906906,0.0085402999538928,0.014079413901123754,-0.00547718165391506
1497,0.006516719938227991,0.006866966423458305,0.0065379999577999,0.006890598099061197,-0.0003502464852303145
1398,0.003105971643549759,0.0028246314241067803,0.0031108001712709,0.0028286244541754157,0.0002813402194429787
308,0.017187052785861575,0.016956630882739077,0.0173355999868363,0.017101210587035915,0.0002304219031224984
1532,0.015016387650597996,0.018676266128582406,0.015129700070247,0.018851758397823434,-0.003659878477984409
2487,0.03023760093024894,0.01438810205418836,0.0306993999984115,0.01449210901681657,0.015849498876060582
3284,0.15039348757093127,0.13810256485468128,0.1622915000189095,0.1480932982579694,0.012290922716249986
2618,0.0022865837425006842,0.001015765627700248,0.0022891999687998997,0.0010162816923242337,0.0012708181148004362
1073,0.26868998398968674,0.31494709229884277,0.30824949988164013,0.3701868156046627,-0.046257108309156025
3299,0.008438396293030401,0.006416892132297442,0.0084740999154746,0.006437524492884439,0.0020215041607329594
3052,0.0007861909225280804,0.001002491296224471,0.0007865000516176001,0.0010029939585814865,-0.00021630037369639067
3517,0.006212661348225943,0.005739504683747442,0.0062319999560713,0.005756007197733807,0.0004731566644785015
761,0.021153968653907246,0.029524337640586013,0.021379299927502798,0.029964502072727318,-0.008370368986678766
2771,0.061901359467117105,0.0658387041971073,0.0638574000913649,0.06805443057490214,-0.003937344729990196
1110,0.02235779155124602,0.01398121955906906,0.022609600098803598,0.014079413901123754,0.00837657199217696
1876,0.024548211866626268,0.02405090702852281,0.024851999944075904,0.02434246279430981,0.0004973048381034587
2053,0.007898028258821311,0.013929680751260533,0.007929299958050199,0.014027150803908551,-0.0060316524924392215
58,0.01986213523020386,0.022480064405964003,0.0200606998987495,0.02273464513852089,-0.002617929175760144
76,0.014536728017060463,0.016956630882739077,0.0146429000888019,0.017101210587035915,-0.0024199028656786137
368,0.005850054983878215,0.006513300899668487,0.005867199972271901,0.006534558571449559,-0.0006632459157902715
2429,0.013253779422403569,0.019638515295747238,0.013342000078409898,0.019832619494509342,-0.006384735873343669
3200,0.005946086943961563,0.006461778845635293,0.00596380000934,0.0064827011794477115,-0.00051569190167373
733,0.015466868976320287,0.01398121955906906,0.015587100060656603,0.014079413901123754,0.001485649417251227
3829,0.005079477708816234,0.005698436110064391,0.0050924001261591,0.005714703081201419,-0.0006189584012481573
2319,0.0008603297283461175,0.0010071924891610093,0.0008606999181210002,0.0010076998778478469,-0.00014686276081489176
2384,0.0020129725869321626,0.0010047391196546052,0.0020149999763815997,0.0010052440390938319,0.0010082334672775574
2730,0.028565299097439198,0.02446319492310366,0.028977199923247102,0.024764873863126653,0.004102104174335538
1839,0.00672851288601513,0.007731046279200158,0.006751200184225998,0.007761007979479951,-0.0010025333931850278
2664,0.019826254552073902,0.02446319492310366,0.0200241000857204,0.024764873863126653,-0.004636940371029758
124,0.003718876595990588,0.005403891320348242,0.0037258001975715,0.005418518677395725,-0.001685014724357654
3472,0.013354234119429155,0.013929680751260533,0.0134438001550734,0.014027150803908551,-0.0005754466318313774
3731,0.008961326957512781,0.007731046279200158,0.0090015998575836,0.007761007979479951,0.0012302806783126233
2256,0.04528106217672583,0.02405090702852281,0.0463219000957906,0.02434246279430981,0.021230155148203023
2313,0.012549623148769416,0.005698436110064391,0.0126287001185119,0.005714703081201419,0.006851187038705025
429,0.00517747355086571,0.006562237464342579,0.0051908998284488,0.00658381612020958,-0.0013847639134768695
1973,0.007077495404297163,0.007874740568331645,0.007102600065991198,0.00790582788578355,-0.0007972451640344824
3953,0.06522494190412068,0.0658387041971073,0.06739910016767682,0.06805443057490214,-0.0006137622929866249
816,0.007868362929358459,0.007874740568331645,0.0078993998467922,0.00790582788578355,-6.37763897318698e-06
2716,0.017272861347319004,0.018676266128582406,0.017422899836674298,0.018851758397823434,-0.0014034047812634017
3055,0.0007189413881031918,0.001015765627700248,0.0007191998884081001,0.0010162816923242337,-0.0002968242395970562
1691,0.0008332525768125486,0.0010047391196546052,0.0008335998281836,0.0010052440390938319,-0.00017148654284205656
387,0.14834138126907798,0.13810256485468128,0.1599087999202311,0.1480932982579694,0.010238816414396695
30,0.001629272091276685,0.0009261193437895664,0.0016306000761686999,0.0009265483247279975,0.0007031527474871186
1175,0.287946987513502,0.32622697889375,0.3336866002064198,0.3857298646111928,-0.03827999138024801
203,0.0010191804238171892,0.001015765627700248,0.0010196999646723,0.0010162816923242337,3.4147961169412287e-06
1025,0.0007843923218027902,0.0010047391196546052,0.0007847000379115,0.0010052440390938319,-0.00022034679785181495
3857,0.0054703105062777705,0.003653371945219891,0.0054852999746799,0.003660053642936079,0.0018169385610578796
3757,0.02089555913940964,0.02405090702852281,0.0211153998970985,0.02434246279430981,-0.003155347889113168
893,0.011437343558185334,0.005739504683747442,0.0115030000451952,0.005756007197733807,0.005697838874437892
2678,0.0023868491270858288,0.0021388663865485654,0.0023896999191492,0.0021411553929269996,0.00024798274053726335
2666,0.2788864036275348,0.32622697889375,0.32165719987824554,0.3857298646111928,-0.04734057526621521
478,0.03380269676265825,0.02220561232870079,0.0343804999720305,0.022453992005352925,0.01159708443395746
1684,0.006783639029182998,0.008814295449829751,0.0068067000247537994,0.00885325573699905,-0.002030656420646753
1350,0.006437236510829704,0.004937127140048871,0.006458000047132301,0.004949334834291807,0.0015001093707808326
443,0.0031389681219788404,0.003986682904460594,0.0031438998412339995,0.003994640295768875,-0.0008477147824817537
2770,0.0007776976181081696,0.0010136297582074504,0.0007780001033096999,0.0010141436544696594,-0.0002359321400992808
1338,0.05404784207335071,0.0658387041971073,0.0555350999347865,0.06805443057490214,-0.011790862123756587
192,0.0026335292716360313,0.003986682904460594,0.0026370000559836,0.003994640295768875,-0.0013531536328245629
2969,0.005441269391986489,0.005739504683747442,0.005456099985167301,0.005756007197733807,-0.00029823529176095306
1128,0.008095244751378385,0.013929680751260533,0.008128099841997,0.014027150803908551,-0.005834435999882148
6,0.027399482287376993,0.019638515295747238,0.0277782999910414,0.019832619494509342,0.007760966991629755
439,0.014318203451359535,0.016956630882739077,0.0144211999140679,0.017101210587035915,-0.002638427431379542
289,0.007662369056334677,0.013929680751260533,0.0076918001286685,0.014027150803908551,-0.006267311694925856
1106,0.023839761216406154,0.029524337640586013,0.0241262000054121,0.029964502072727318,-0.005684576424179858
3693,0.007545362070143425,0.00787238952150115,0.007573900045827,0.007903458254767019,-0.0003270274513577252
3416,0.04473978193532436,0.02460434121548472,0.045755699975415995,0.02490952583393931,0.02013544071983964
3940,0.017151763980917265,0.013173927204382879,0.017299700062721895,0.013261085702729294,0.003977836776534386
1921,0.005288690172430008,0.006629626785706859,0.0053026999812573,0.006651651406135457,-0.0013409366132768512
2477,0.004779858299932392,0.0010136297582074504,0.0047913000453263,0.0010141436544696594,0.0037662285417249418
2367,0.0056506052919931314,0.006866966423458305,0.005666600074619,0.006890598099061197,-0.0012163611314651738
1735,0.006144583339163025,0.006693667678932009,0.006163500016555101,0.006716120341360143,-0.0005490843397689838
2684,0.0007365287185429693,0.001002491296224471,0.0007368000224231999,0.0010029939585814865,-0.0002659625776815017
3882,0.022284544897428177,0.02446319492310366,0.022534700110554605,0.024764873863126653,-0.0021786500256754833
194,0.00543729129131838,0.00715639547098178,0.0054521001875400005,0.00718206366309499,-0.0017191041796633996
450,0.004225858584062658,0.005739504683747442,0.0042348001152276,0.005756007197733807,-0.0015136460996847834
1593,0.021373745505661564,0.02220561232870079,0.0216038001235574,0.022453992005352925,-0.0008318668230392241
1105,0.10499719968293109,0.10405681847211952,0.11070750001817939,0.10966350250921099,0.0009403812108115667
29,0.09549279959148434,0.1433799585810088,0.10020090010948471,0.15416825449600166,-0.04788715898952446
785,0.0057405911803610704,0.0076642935436015795,0.0057570999488234,0.00769373942057288,-0.001923702363240509
3997,0.018877199156568016,0.02220561232870079,0.019056499935686498,0.022453992005352925,-0.003328413172132772
2622,0.011833309479003403,0.00715639547098178,0.011903600068762798,0.00718206366309499,0.004676914008021623
2907,0.0009223745235352744,0.001002491296224471,0.0009228000417351002,0.0010029939585814865,-8.011677268919667e-05
3387,0.03676028495213555,0.049137685004926525,0.0374443000182509,0.05036496028924853,-0.012377400052790977
3786,0.0061763868203860055,0.006866966423458305,0.0061955000273883004,0.006890598099061197,-0.0006905796030722998
881,0.027210123833354978,0.013929680751260533,0.0275836999062448,0.014027150803908551,0.013280443082094445
3699,0.05757121186412365,0.0658387041971073,0.059260699898004504,0.06805443057490214,-0.008267492332983649
2369,0.008015093308233355,0.0021388663865485654,0.0080473001580685,0.0021411553929269996,0.005876226921684789
2736,0.0032320713125422486,0.003986682904460594,0.0032373000867664,0.003994640295768875,-0.0007546115919183456
3594,0.005634297674968041,0.00715639547098178,0.005650200182572,0.00718206366309499,-0.0015220977960137393
222,0.0045371914137378525,0.006494953376750574,0.004547500051558,0.00651609132498313,-0.0019577619630127214
1995,0.005312563475732153,0.006562237464342579,0.005326700164005099,0.00658381612020958,-0.0012496739886104268
1717,0.007603519865357272,0.006629626785706859,0.007632500026375,0.006651651406135457,0.000973893079650413
573,0.02164778661606226,0.02446319492310366,0.0218837999273091,0.024764873863126653,-0.002815408307041401
3328,0.022571144254844154,0.02446319492310366,0.0228277998976409,0.024764873863126653,-0.001892050668259506
3377,0.016494416075451608,0.013929680751260533,0.0166311999782919,0.014027150803908551,0.0025647353241910753
1537,0.05125797377423786,0.0658387041971073,0.052594400011003004,0.06805443057490214,-0.014580730422869441
1258,0.002945756989805599,0.003986682904460594,0.0029500999953597,0.003994640295768875,-0.0010409259146549952
2754,0.01223712013414348,0.013929680751260533,0.0123123000375926,0.014027150803908551,-0.0016925606171170528
1345,0.01023187522233604,0.006629626785706859,0.010284399846568702,0.006651651406135457,0.0036022484366291805
80,0.0031453483244073144,0.0028246314241067803,0.0031503001227974,0.0028286244541754157,0.0003207169003005342
257,0.0058735172290405304,0.006495568562244364,0.0058908001519738995,0.006516710519272238,-0.0006220513332038336
295,0.025171717237327428,0.022982302876526042,0.025491199921816497,0.023248430833156884,0.002189414360801386
2092,0.290100495692926,0.31494709229884277,0.3365617999807001,0.3701868156046627,-0.02484659660591676
1034,0.31196918809389207,0.3069124010031802,0.3661125998478382,0.35922189638219787,0.0050567870907118895
1545,0.13862207563405196,0.1433799585810088,0.1486899000592529,0.15416825449600166,-0.004757882946956837
1840,0.0012464228429532218,0.0010077606875986478,0.0012471999507396997,0.001008268649020569,0.00023866215535457399
1740,0.020398136208857724,0.02446319492310366,0.020607599988579698,0.024764873863126653,-0.004065058714245937
2375,0.014472663988840093,0.00715639547098178,0.0145779000595211,0.00718206366309499,0.007316268517858313
654,0.0008672239396688122,0.0010047391196546052,0.0008676000870763997,0.0010052440390938319,-0.00013751517998579293
2776,0.006653317703233256,0.004380675655135424,0.0066755001898854,0.00439028484118516,0.002272642048097832
2855,0.0024443101306036927,0.0028246314241067803,0.0024472998920828,0.0028286244541754157,-0.0003803212935030876
2325,0.004805037185229237,0.006494953376750574,0.004816599888727,0.00651609132498313,-0.0016899161915213366
3182,0.04453933265833655,0.049137685004926525,0.045546100009232704,0.05036496028924853,-0.004598352346589972
3567,0.042718626851494294,0.049137685004926525,0.04364420007914299,0.05036496028924853,-0.0064190581534322305
3570,0.006626496182613045,0.006629626785706859,0.0066484999842941,0.006651651406135457,-3.130603093814098e-06
2812,0.005791795118580115,0.0037009123584886366,0.0058085999917238005,0.0037077691908670423,0.0020908827600914785
2530,0.012901615014403196,0.006513300899668487,0.012985199922695702,0.006534558571449559,0.006388314114734709
655,0.005508798588298775,0.006629626785706859,0.0055239999201148,0.006651651406135457,-0.0011208281974080846
1909,0.12818307838297108,0.11773680534228433,0.13676110003143552,0.12494799209881854,0.010446273040686752
1745,0.0006277029613814544,0.0010071924891610093,0.0006279000081121,0.0010076998778478469,-0.00037948952777955487
2415,0.0037231605419804745,0.0010077606875986478,0.0037301001138984997,0.001008268649020569,0.002715399854381827
2213,0.010679569875663944,0.013173927204382879,0.0107368000317364,0.013261085702729294,-0.002494357328718935
411,0.1136564886102384,0.10405681847211952,0.12036719988100229,0.10966350250921099,0.009599670138118882
978,0.004819169125117642,0.005698436110064391,0.004830799996852799,0.005714703081201419,-0.0008792669849467492
1171,0.02233901573841756,0.029524337640586013,0.0225903999526053,0.029964502072727318,-0.0071853219021684525
1431,0.022437095116273308,0.022480064405964003,0.0226906999014318,0.02273464513852089,-4.2969289690695384e-05
1074,0.14299722503491102,0.13713122538054512,0.15372660011053077,0.14697865135528757,0.005865999654365905
1022,0.04801405345188157,0.049137685004926525,0.04918539989739651,0.05036496028924853,-0.001123631553044957
3226,0.012500739251292777,0.01398121955906906,0.0125792000908404,0.014079413901123754,-0.001480480307776283
720,0.01121754749462082,0.01438810205418836,0.011280700098723099,0.01449210901681657,-0.0031705545595675406
152,0.005369757034256374,0.007874740568331645,0.0053842000197619,0.00790582788578355,-0.0025049835340752715
948,0.31298337774554835,0.32622697889375,0.36749879992567,0.3857298646111928,-0.013243601148201667
2357,0.019602018800822255,0.022078998629229275,0.0197953998576849,0.022324543518034572,-0.0024769798284070207
1830,0.0049921185386419785,0.003986682904460594,0.005004599923267899,0.003994640295768875,0.0010054356341813843
102,0.004903259410348774,0.006494953376750574,0.004915300058200899,0.00651609132498313,-0.0015916939664017997
3455,0.004130856108095289,0.004937127140048871,0.004139399854466299,0.004949334834291807,-0.000806271031953582
731,0.01572737391578514,0.02446319492310366,0.015851699979975795,0.024764873863126653,-0.008735821007318519
239,0.004895000026636745,0.00715639547098178,0.0049070001114159,0.00718206366309499,-0.002261395444345035
3351,0.003419546685886624,0.003986682904460594,0.0034254000056535,0.003994640295768875,-0.0005671362185739703
2973,0.008413209448416937,0.006613721124535903,0.0084486999548971,0.006635640073386762,0.001799488323881034
1727,0.021391168843005008,0.02446319492310366,0.0216216000262647,0.024764873863126653,-0.003072026080098652
2093,0.003454625943205967,0.005403891320348242,0.003460600040853,0.005418518677395725,-0.0019492653771422748
2840,0.13009282506229658,0.13713122538054512,0.1389341000467538,0.14697865135528757,-0.007038400318248539
857,0.006813733609943661,0.003986682904460594,0.0068369999062269,0.003994640295768875,0.002827050705483067
1157,0.005090919117121362,0.00787238952150115,0.0051038998644798,0.007903458254767019,-0.0027814704043797878
862,0.012995590280045025,0.00715639547098178,0.0130803999491035,0.00718206366309499,0.005839194809063245
2519,0.39482988736649133,0.32622697889375,0.4841316998936236,0.3857298646111928,0.06860290847274131
2847,0.1330480634293107,0.13978730273235498,0.1423049001023173,0.1500291647805888,-0.006739239303044292
2725,0.0077528685884355195,0.007731046279200158,0.0077829998917877,0.007761007979479951,2.182230923536161e-05
3792,0.014269208766777746,0.016956630882739077,0.014371499884873603,0.017101210587035915,-0.002687422115961331
755,0.0048428543729639945,0.006513300899668487,0.004854599945247099,0.006534558571449559,-0.0016704465267044924
332,0.0029937143743705283,0.003986682904460594,0.0029982000123708994,0.003994640295768875,-0.000992968530090066
744,0.0005322584211871111,0.001002491296224471,0.0005324000958353,0.0010029939585814865,-0.00047023287503735996
3288,0.0009720272664903071,0.0010071924891610093,0.0009724998380988,0.0010076998778478469,-3.516522267070217e-05
2643,0.345874538912356,0.31494709229884277,0.41322529991157353,0.3701868156046627,0.03092744661351321
2274,0.07757585211017694,0.049137685004926525,0.08066420000977811,0.05036496028924853,0.028438167105250413
3631,0.025202336247564464,0.02446319492310366,0.025522599928081004,0.024764873863126653,0.0007391413244608042
3802,0.0699994578875653,0.0658387041971073,0.0725075998343527,0.06805443057490214,0.0041607536904579995
3779,0.0007398261922361004,0.0010047391196546052,0.0007400999311357003,0.0010052440390938319,-0.0002649129274185048
3128,0.1303385508961986,0.13978730273235498,0.13921399996615944,0.1500291647805888,-0.009448751836156372
2083,0.006588845848041378,0.006494953376750574,0.0066106000449507995,0.00651609132498313,9.389247129080406e-05
2702,0.3077566480671521,0.32622697889375,0.36036990000866354,0.3857298646111928,-0.018470330826597936
3962,0.007574739129015951,0.00787238952150115,0.0076035000383853,0.007903458254767019,-0.00029765039248519885
907,0.014776586592999508,0.007916409478424369,0.014886300079524498,0.00794782709813228,0.00686017711457514
2283,0.022875938992366028,0.02460434121548472,0.023139599943533498,0.02490952583393931,-0.0017284022231186906
1163,0.0006251045697360533,0.0009261193437895664,0.0006252999883144999,0.0009265483247279975,-0.0003010147740535131
2183,0.2689268374712685,0.32622697889375,0.3085594000294804,0.3857298646111928,-0.05730014142248152
3722,0.005766740376807913,0.006629626785706859,0.0057834000326693,0.006651651406135457,-0.0008628864088989462
2211,0.007558760487808532,0.006629626785706859,0.0075874000322073,0.006651651406135457,0.0009291337021016723
2067,0.0006024184414489363,0.0009261193437895664,0.0006025999318808,0.0009265483247279975,-0.00032370090234063007
554,0.005605559532313673,0.00715639547098178,0.0056213000789283995,0.00718206366309499,-0.0015508359386681072
3025,0.009306955798362833,0.008814295449829751,0.009350400185212401,0.00885325573699905,0.0004926603485330815
3609,0.007719527730021215,0.00715639547098178,0.007749400101602,0.00718206366309499,0.0005631322590394349
831,0.0037584284018167846,0.006513300899668487,0.0037655001506209,0.006534558571449559,-0.0027548724978517024
3431,0.007660384305428189,0.007278103876403993,0.007689800113439501,0.007304653645997623,0.000382280429024196
3201,0.0375718545607561,0.02460434121548472,0.038286600029096,0.02490952583393931,0.012967513345271384
2090,0.009062114773258289,0.015419725417871837,0.009103300049901,0.015539222799406501,-0.006357610644613548
1754,0.02309387188205946,0.02220561232870079,0.023362600011751004,0.022453992005352925,0.0008882595533586703
811,0.02053147924373726,0.02446319492310366,0.0207436999771744,0.024764873863126653,-0.003931715679366399
888,0.6663559285443771,0.3069124010031802,0.9471288998611274,0.35922189638219787,0.3594435275411969
2463,0.008991158093387196,0.006693667678932009,0.0090316999703645,0.006716120341360143,0.0022974904144551873
2988,0.007457026968366951,0.00715639547098178,0.007484899833798401,0.00718206366309499,0.00030063149738517123
1659,0.052703639349962875,0.049137685004926525,0.05411719996482131,0.05036496028924853,0.00356595434503635
2509,0.15131950446052128,0.0658387041971073,0.1633683000691235,0.06805443057490214,0.08548080026341398
1233,0.0038250751415350778,0.004967999271952109,0.0038324000779539,0.004980360241620653,-0.0011429241304170314
3873,0.006481251276626564,0.007731046279200158,0.0065023000352083995,0.007761007979479951,-0.0012497950025735938
1448,0.01877945685516793,0.02460434121548472,0.0189568998757749,0.02490952583393931,-0.005824884360316789
2873,0.014168156132924626,0.01462593320413847,0.014269000152125899,0.014733415535685357,-0.0004577770712138451
1965,0.007103907428687905,0.007278103876403993,0.007129200035706101,0.007304653645997623,-0.0001741964477160879
693,0.2705633291752988,0.31494709229884277,0.3107025998178869,0.3701868156046627,-0.04438376312354397
1057,0.004132250578339962,0.004380675655135424,0.0041408000979572,0.00439028484118516,-0.0002484250767954615
1798,0.024293215931216316,0.029524337640586013,0.0245907001662999,0.029964502072727318,-0.005231121709369697
1027,0.06302841277547895,0.0658387041971073,0.0650571000296622,0.06805443057490214,-0.0028102914216283498
1536,0.012408692821146473,0.015419725417871837,0.0124860000796616,0.015539222799406501,-0.003011032596725364
3432,0.01633564400035601,0.015419725417871837,0.0164698001462966,0.015539222799406501,0.0009159185824841737
1702,0.07367890156279193,0.0658387041971073,0.0764611000195145,0.06805443057490214,0.007840197365684629
2335,0.0010413577324889292,0.001002491296224471,0.0010419001337139998,0.0010029939585814865,3.8866436264458184e-05
346,0.01846428100771887,0.022480064405964003,0.0186357998754829,0.02273464513852089,-0.004015783398245133
923,0.006661363672212334,0.006693667678932009,0.006683599902316899,0.006716120341360143,-3.2304006719674656e-05
3259,0.06550249384698255,0.0658387041971073,0.0676953999791294,0.06805443057490214,-0.0003362103501247521
1187,0.010613873028473423,0.018676266128582406,0.0106703999917954,0.018851758397823434,-0.008062393100108983
842,0.7091912828394514,0.32622697889375,1.032346999971196,0.3857298646111928,0.3829643039457014
3278,0.00960898553430438,0.009811493926872921,0.009655300062149699,0.009859784438215924,-0.00020250839256854072
3776,0.0068468070731538,0.007278103876403993,0.0068703000433743,0.007304653645997623,-0.0004312968032501932
2727,0.002230211117195963,0.0028246314241067803,0.002232699887827,0.0028286244541754157,-0.0005944203069108171
2827,0.003825174644540882,0.003986682904460594,0.0038324999623000006,0.003994640295768875,-0.00016150825991971237
1420,0.05293375826377151,0.049137685004926525,0.05435980018228289,0.05036496028924853,0.003796073258844984
1924,0.01646657878288921,0.019638515295747238,0.0166029001120477,0.019832619494509342,-0.003171936512858027
178,0.016465791841984073,0.022078998629229275,0.0166021001059561,0.022324543518034572,-0.005613206787245202
2276,0.017922527664923693,0.007916409478424369,0.0180840999819338,0.00794782709813228,0.010006118186499324
3185,0.00275809292176354,0.0028246314241067803,0.0027618999592959005,0.0028286244541754157,-6.653850234324046e-05
812,0.1362779672913999,0.10405681847211952,0.1460003999527543,0.10966350250921099,0.032221148819280385
1877,0.000835850427664994,0.0010136297582074504,0.0008361998479812999,0.0010141436544696594,-0.00017777933054245645
1336,0.003980069105098468,0.006562237464342579,0.0039880000986158,0.00658381612020958,-0.002582168359244111
3158,0.10524295874959799,0.10405681847211952,0.11098050000146029,0.10966350250921099,0.001186140277478473
3107,0.0034279180394538636,0.0038131584247359657,0.0034338000696152,0.0038204377628043,-0.00038524038528210203
1557,0.012270508506760487,0.007278103876403993,0.012346100062131802,0.007304653645997623,0.004992404630356494
2801,0.007030627289932891,0.007943973656528885,0.0070554001722484,0.007975610734473263,-0.0009133463665959938
2176,0.005541020088626811,0.004937127140048871,0.0055563999339938,0.004949334834291807,0.0006038929485779401
1812,0.0007290340389932959,0.000981971982353292,0.0007292998488991999,0.0009824542746932911,-0.000252937943359996
173,0.006965782530470495,0.007916409478424369,0.006990100024268,0.00794782709813228,-0.0009506269479538738
2354,0.015646551953265513,0.01462593320413847,0.0157696001697331,0.014733415535685357,0.0010206187491270426
3057,0.005452010809968601,0.00715639547098178,0.0054669000674038995,0.00718206366309499,-0.0017043846610131788
331,0.0008273575450096964,0.001002491296224471,0.0008276998996733999,0.0010029939585814865,-0.0001751337512147747
1361,0.025407284109553997,0.015223839439666612,0.0257328001316636,0.015340312387858972,0.010183444669887385
430,0.0028078542750649494,0.003986682904460594,0.0028117999900132,0.003994640295768875,-0.0011788286293956448
3652,0.01909728045775876,0.01438810205418836,0.0192807998973876,0.01449210901681657,0.004709178403570399
2009,0.06398743182614049,0.0658387041971073,0.06607900001108638,0.06805443057490214,-0.0018512723709668139
1104,0.005316840599905486,0.007171937401326649,0.005331000080332099,0.007197717338216892,-0.0018550968014211626
2562,0.019007801833807556,0.02220561232870079,0.0191896001342684,0.022453992005352925,-0.003197810494893233
479,0.008282703396656259,0.00715639547098178,0.008317099884152402,0.00718206366309499,0.001126307925674479
1278,0.00818630069352368,0.0076642935436015795,0.008219900075346199,0.00769373942057288,0.0005220071499221005
2603,0.022270755320412977,0.02460434121548472,0.022520599886775003,0.02490952583393931,-0.0023335858950717416
746,0.005559517280436299,0.007916409478424369,0.005575000075623299,0.00794782709813228,-0.0023568921979880697
1769,0.0068704443451155965,0.006495568562244364,0.0068940999917685,0.006516710519272238,0.00037487578287123246
3554,0.0016748966520874933,0.0028246314241067803,0.0016763000749051,0.0028286244541754157,-0.001149734772019287
2337,0.010969415305691673,0.01438810205418836,0.0110297999344766,0.01449210901681657,-0.003418686748496687
3751,0.27616581400503526,0.32622697889375,0.3180663997773081,0.3857298646111928,-0.05006116488871476
1940,0.026720408798890472,0.011774547662748592,0.0270805999170988,0.01184414052234056,0.01494586113614188
1795,0.0034342961665632106,0.0028246314241067803,0.0034402001183479994,0.0028286244541754157,0.0006096647424564303
324,0.002728773709299466,0.003986682904460594,0.0027325002010910996,0.003994640295768875,-0.0012579091951611283
1268,0.008109131884764156,0.006494953376750574,0.0081420999485999,0.00651609132498313,0.0016141785080135826
468,0.01785249151516619,0.022480064405964003,0.018012799788266396,0.02273464513852089,-0.004627572890797814
561,0.018552336180856673,0.02405090702852281,0.018725499976426304,0.02434246279430981,-0.0054985708476661364
2630,0.012744640829251034,0.006613721124535903,0.0128261998761445,0.006635640073386762,0.006130919704715131
2350,0.006737353115868665,0.007943973656528885,0.006760100135579699,0.007975610734473263,-0.00120662054066022
2078,0.003448746112262279,0.004380675655135424,0.0034546998795121,0.00439028484118516,-0.000931929542873145
3784,0.06118521770066142,0.0658387041971073,0.0630958001129329,0.06805443057490214,-0.004653486496445883
2970,0.043319512978849777,0.029524337640586013,0.0442714998498559,0.029964502072727318,0.013795175338263764
2346,0.00747558812522469,0.004380675655135424,0.0075036000926047,0.00439028484118516,0.003094912470089266
61,0.005422869588502276,0.006494953376750574,0.0054375999607145,0.00651609132498313,-0.001072083788248298
2803,0.0065447363537729794,0.007171937401326649,0.0065661999396979,0.007197717338216892,-0.0006272010475536693
1897,0.014530715871111656,0.015419725417871837,0.0146367999259382,0.015539222799406501,-0.0008890095467601802
2876,0.016922109953150494,0.02220561232870079,0.0170660999137908,0.022453992005352925,-0.005283502375550295
254,0.006875410136113856,0.006866966423458305,0.006899100029841,0.006890598099061197,8.443712655550363e-06
3781,0.019362236196097758,0.019638515295747238,0.019550899975001798,0.019832619494509342,-0.00027627909964948044
1094,0.024166327890517446,0.029524337640586013,0.0244607001077383,0.029964502072727318,-0.005358009750068567
1061,0.006837272691185804,0.008814295449829751,0.006860700203105801,0.00885325573699905,-0.0019770227586439473
915,0.04671611016624721,0.029524337640586013,0.047824500128626796,0.029964502072727318,0.017191772525661196
1041,0.004782844012850849,0.006629626785706859,0.0047943000681698,0.006651651406135457,-0.00184678277285601
2566,0.04743972890113017,0.050758802455037964,0.0485829999670386,0.052069106192478634,-0.0033190735539077934
67,0.02337398747206604,0.029524337640586013,0.023649299982935097,0.029964502072727318,-0.006150350168519971
1871,0.009320925072525127,0.007278103876403993,0.0093645001761615,0.007304653645997623,0.0020428211961211343
2788,0.004803345435742427,0.003653371945219891,0.004814899992197699,0.003660053642936079,0.001149973490522536
221,0.005260041687742468,0.007278103876403993,0.0052738999947905,0.007304653645997623,-0.002018062188661525
1962,0.06782246694216826,0.0658387041971073,0.07017530011944469,0.06805443057490214,0.0019837627450609574
2408,0.004581886917345777,0.004380675655135424,0.0045923998113721,0.00439028484118516,0.000201211262210353
2877,0.0009710284625438937,0.0010077606875986478,0.0009715000633150001,0.001008268649020569,-3.673222505475417e-05
3173,0.003110258215990531,0.0037009123584886366,0.0031151000875979,0.0037077691908670423,-0.0005906541424981057
88,0.0073732507780268994,0.007916409478424369,0.007400500122457699,0.00794782709813228,-0.0005431587003974694
1807,0.00786737098980585,0.006629626785706859,0.0078984000720083,0.006651651406135457,0.001237744204098991
1675,0.05196502370374899,0.0658387041971073,0.0533388999756425,0.06805443057490214,-0.013873680493358312
2828,0.005819334632814842,0.006494953376750574,0.0058362998533993,0.00651609132498313,-0.0006756187439357318
1488,0.0066051379062142535,0.007731046279200158,0.006626999936997799,0.007761007979479951,-0.0011259083729859044
3032,0.00245119343031242,0.0028246314241067803,0.0024542000610380996,0.0028286244541754157,-0.0003734379937943601
1721,0.018992397087830737,0.01462593320413847,0.019173899898305504,0.014733415535685357,0.004366463883692266
3806,0.0008657251110912993,0.001015765627700248,0.0008660999592393001,0.0010162816923242337,-0.0001500405166089487
436,0.13120587814590892,0.13978730273235498,0.1402024999260902,0.1500291647805888,-0.008581424586446063
3579,0.008571063272060758,0.008814295449829751,0.008607900002971198,0.00885325573699905,-0.00024323217776899345
3600,0.06300231056774425,0.0658387041971073,0.0650293000508099,0.06805443057490214,-0.0028363936293630543
3189,0.02213695945423896,0.01438810205418836,0.022383800009265504,0.01449210901681657,0.0077488574000506
3402,0.2861637203690508,0.32622697889375,0.33131040004082013,0.3857298646111928,-0.04006325852469922
2347,0.03399342075119371,0.02220561232870079,0.0345777999609708,0.022453992005352925,0.01178780842249292
3441,0.05852623353902404,0.0658387041971073,0.06027280003763729,0.06805443057490214,-0.007312470658083263
3569,0.11292869446815461,0.10405681847211952,0.11955209984444083,0.10966350250921099,0.008871875996035089
1513,0.028126028827412376,0.022078998629229275,0.028525300091132497,0.022324543518034572,0.0060470301981831
2648,0.015887522223455398,0.01398121955906906,0.0160143999382853,0.014079413901123754,0.001906302664386338
3274,0.13007377193574102,0.13978730273235498,0.13891239999793473,0.1500291647805888,-0.009713530796613967
1736,0.012789267540913174,0.011774547662748592,0.0128713999874889,0.01184414052234056,0.0010147198781645817
1402,0.006790690941544413,0.005739504683747442,0.0068137999624013,0.005756007197733807,0.0010511862577969712
283,0.005075099958935449,0.006613721124535903,0.0050880000926553995,0.006635640073386762,-0.001538621165600454
712,0.008023822854720206,0.008814295449829751,0.0080560999922454,0.00885325573699905,-0.0007904725951095454
274,0.07974724872409192,0.11773680534228433,0.08301330008544018,0.12494799209881854,-0.03798955661819241
2272,0.004826433942890137,0.0021388663865485654,0.004838099936023299,0.0021411553929269996,0.002687567556341572
621,0.020836210515283435,0.02446319492310366,0.021054799901321503,0.024764873863126653,-0.0036269844078202253
1922,0.005993900659623745,0.006416892132297442,0.0060119000263512004,0.006437524492884439,-0.00042299147267369636
865,0.2975361859171808,0.13810256485468128,0.3465371001511813,0.1480932982579694,0.1594336210624995
3943,0.04462904253188102,0.049137685004926525,0.0456399000249803,0.05036496028924853,-0.004508642473045506
1642,0.006609111826385868,0.004967999271952109,0.006631000200286499,0.004980360241620653,0.0016411125544337586
2483,0.02457270298080346,0.02446319492310366,0.024877100018784397,0.024764873863126653,0.00010950805769980101
